![HMTL](https://raw.githubusercontent.com/David-Albarracin/README_MATERIALS/main/sql.png)

# Taller SQL # 3

#### Diagrama Entidad Relaci√≥n

![diagrama](https://raw.githubusercontent.com/David-Albarracin/TALLER_DB3/main/garden.png)

#### Comandos DDL y DML

```sql
-- CREAR BASE DE DATOS
CREATE DATABASE garden;
```

```sql
USE garden;
/*
* Esta Tabla se Crea para Normalizar la Tabla Direccion
* 
*/
CREATE TABLE `address_type` (
  `address_type_id` int NOT NULL AUTO_INCREMENT,
  `address_type` varchar(45) NOT NULL,
  PRIMARY KEY (`address_type_id`)
)ENGINE=InnoDB;

-- PAIS
/*
* Esta Tabla se Crea para Normalizar la Tabla Direccion
* Se usa para tener mejor control de los paises 
*/

CREATE TABLE `country` (
  `country_id` int NOT NULL AUTO_INCREMENT,
  `country_prefix` varchar(45) DEFAULT NULL,
  `country_name` varchar(45) NOT NULL,
  `flag_url` varchar(45) DEFAULT NULL,
  PRIMARY KEY (`country_id`)
  -- UNIQUE KEY `country_unique` (`country_prefix`)
)ENGINE=InnoDB;


-- GAMA DEL PRODUCTO 

CREATE TABLE `gama_product` (
  `gama_product_id` varchar(50) NOT NULL,
  `description_text` text,
  `description_html` text,
  `imagen_url` varchar(250) DEFAULT NULL,
  PRIMARY KEY (`gama_product_id`)
)ENGINE=InnoDB;


-- TIPO DE LEGAL CC, NIT, TI

/*
* Se usa Para Normalizar el tipo de legal id
* Si es Cedula o nit
*/

CREATE TABLE `legal_type` (
  `legal_type_id` int NOT NULL AUTO_INCREMENT,
  `type` varchar(45) DEFAULT NULL,
  PRIMARY KEY (`legal_type_id`)
)ENGINE=InnoDB;


-- TABLA PARA LAS MEDIDAS DEL PRODUCTO
/*
* Se Normaliza dimensiones la instancia multibalorada a la tabla de las medidas del producto
*/

CREATE TABLE `measurement` (
  `measurement_id` int NOT NULL AUTO_INCREMENT,
  `height` varchar(45) DEFAULT NULL,
  `width` varchar(45) DEFAULT NULL,
  `Length` varchar(45) DEFAULT NULL,
  `weight` varchar(45) DEFAULT NULL,
  PRIMARY KEY (`measurement_id`)
)ENGINE=InnoDB;


-- TIPO DE ORDEN COMPRA, VENTA

/*
* Se Normaliza el tipo de orden para saver si es compra o venta
*/
CREATE TABLE `order_type` (
  `order_type_id` int NOT NULL AUTO_INCREMENT,
  `type_name` varchar(45) DEFAULT NULL,
  PRIMARY KEY (`order_type_id`)
)ENGINE=InnoDB;


-- METODO DE PAGO (EFECTIVO, TARGETA ...)

/*
* Se Normaliza el tipo de metodo de pago
*/
CREATE TABLE `pay_method` (
  `pay_method_id` int NOT NULL AUTO_INCREMENT,
  `method` varchar(45) DEFAULT NULL,
  PRIMARY KEY (`pay_method_id`)
)ENGINE=InnoDB;


-- ROLES (empleado, cliente, proveedor)
/*
* Se Crea para normalizar la tabla cliente - proveedor -empleado
*/
CREATE TABLE `rol` (
  `rol_id` int NOT NULL AUTO_INCREMENT,
  `rol_name` varchar(45) DEFAULT NULL,
  PRIMARY KEY (`rol_id`)
)ENGINE=InnoDB;


-- ESTADO DEL PEDIDO (PEDIENTE, ...)
/*
* Se Normaliza el campo estado del producto
*/
CREATE TABLE `order_status` (
  `order_status_id` int NOT NULL AUTO_INCREMENT,
  `order_status_name` varchar(45) DEFAULT NULL,
  PRIMARY KEY (`order_status_id`)
)ENGINE=InnoDB;


-- PRODUCTO
/*
* Se normaliza los tados de dimensiones y gama
*/

CREATE TABLE `product` (
  `product_id` VARCHAR(20) NOT NULL,
  `product_name` varchar(70) DEFAULT NULL,
  `description` text,
  `stock_amount` smallint DEFAULT NULL,
  `price` decimal(10,0) NOT NULL,
  `price_provider` decimal(10,0) NOT NULL,
  `measurement_id` int NOT NULL,
  `gama_product_id` varchar(50) DEFAULT NULL,
  PRIMARY KEY (`product_id`),
  KEY `fk_product_measurement1_idx` (`measurement_id`),
  KEY `product_gama_product_FK` (`gama_product_id`)
)ENGINE=InnoDB;


-- REGION

CREATE TABLE `region` (
  `region_id` int NOT NULL AUTO_INCREMENT,
  `region_name` varchar(45) DEFAULT NULL,
  `country_id` int NOT NULL,
  PRIMARY KEY (`region_id`),
  KEY `fk_region_country1_idx` (`country_id`)
)ENGINE=InnoDB;


-- INFORMACION DEL USUARIO

CREATE TABLE `user_meta` (
  `usermeta_id` int NOT NULL AUTO_INCREMENT,
  `first_name` varchar(45) DEFAULT NULL,
  `last_names` varchar(250) DEFAULT NULL,
  `first_surname` varchar(45) DEFAULT NULL,
  `last_surname` varchar(45) DEFAULT NULL,
  `email` varchar(45) DEFAULT NULL,
  `legal_id` varchar(45) DEFAULT NULL,
  `legal_type_id` int NOT NULL,
  PRIMARY KEY (`usermeta_id`),
  KEY `fk_user_meta_legal_type1_idx` (`legal_type_id`)
)ENGINE=InnoDB;


-- CIUDAD

CREATE TABLE `city` (
  `city_id` int NOT NULL AUTO_INCREMENT,
  `city_name` varchar(45) DEFAULT NULL,
  `postal_code` varchar(45) DEFAULT NULL,
  `region_id` int NOT NULL,
  PRIMARY KEY (`city_id`),
  KEY `fk_city_region1_idx` (`region_id`)
)ENGINE=InnoDB;


-- DIRECCION
/*
* Se normaliza la cciudad y el tipo de direccion
* Envio o Facturacion
*/

CREATE TABLE `address` (
  `address_id` int NOT NULL AUTO_INCREMENT,
  `address_line_1` varchar(45) DEFAULT NULL,
  `address_line_2` varchar(45) DEFAULT NULL,
  `user_id` int DEFAULT NULL,
  `city_id` int DEFAULT NULL,
  `office_id` int NULL,
  `address_type_id` int NOT NULL,
  PRIMARY KEY (`address_id`),
  KEY `fk_address_user1_idx` (`user_id`),
  KEY `fk_address_city1_idx` (`city_id`),
  KEY `fk_address_type_id1_idx` (`address_type_id`)
)ENGINE=InnoDB;


-- OFFICINAS
/*
* Se normaliza los datos de direccion 
* los datos de telefono
*/
CREATE TABLE `office` (
  `office_id` int NOT NULL AUTO_INCREMENT,
  `office_name` varchar(45) DEFAULT NULL,
  PRIMARY KEY (`office_id`)
)ENGINE=InnoDB;


-- ORDEN
/*
* Se normaliza el estado de la orden
* Se normaliza los detalles de la orden
*/

CREATE TABLE `order` (
  `order_id` int NOT NULL AUTO_INCREMENT,
  `user_id` int NOT NULL,
  `order_date` date DEFAULT NULL,
  `waiting_date` date DEFAULT NULL,
  `deliver_date` date DEFAULT NULL,
  `comments` varchar(45) DEFAULT NULL,
  `status_id` int NOT NULL,
  `order_type_id` int NOT NULL,
  PRIMARY KEY (`order_id`),
  KEY `fk_order_user1_idx` (`user_id`),
  KEY `fk_order_status1_idx` (`status_id`),
  KEY `fk_order_order_type1_idx` (`order_type_id`)
)ENGINE=InnoDB;


-- ORDEN DETALLES
/*
* Se normaliza los detalles de la orden
*/

CREATE TABLE `order_detail` (
  `product_id` VARCHAR(20) NOT NULL,
  `order_id` int NOT NULL,
  `amount` varchar(45) DEFAULT NULL,
  `unit_price` varchar(45) DEFAULT NULL,
  `line_number` smallint DEFAULT NULL,
  KEY `fk_detail_order_product1_idx` (`product_id`),
  KEY `fk_detail_order_order1_idx` (`order_id`),
  CONSTRAINT pk_oder_detail PRIMARY KEY (product_id, order_id)
)ENGINE=InnoDB;


-- PAGOS
/*
* Se normaliza los metodos de pago que podria usar el cliente
*
*/

CREATE TABLE `pay` (
  `id_transaction` varchar(250) NOT NULL,
  `pay_date` datetime DEFAULT NULL,
  `total` decimal(15,0) DEFAULT NULL,
  `user_id` int NOT NULL,
  `pay_method_id` int NOT NULL,
  PRIMARY KEY (`id_transaction`),
  KEY `fk_pay_user1_idx` (`user_id`),
  KEY `fk_pay_pay_method1_idx` (`pay_method_id`)
)ENGINE=InnoDB;


-- NUMEROS DE TELEFONOS
/*
* Esta Tabla nos ayuda a normalizar la duplicidad
*
*/

CREATE TABLE `phone_number` (
  `phone_number_id` int NOT NULL AUTO_INCREMENT,
  `phone_number` varchar(45) NOT NULL,
  `phone_prefix` varchar(45) DEFAULT NULL,
  `description` varchar(45) DEFAULT NULL,
  `user_id` int DEFAULT NULL,
  `office_id` int DEFAULT NULL,
  `phone_extension` varchar(50) DEFAULT NULL,
  PRIMARY KEY (`phone_number_id`),
  KEY `fk_phone_number_user1_idx` (`user_id`),
  KEY `fk_phone_number_office1_idx` (`office_id`)
  -- KEY `phone_number_country_FK` (`phone_prefix`)
)ENGINE=InnoDB;


-- USUARIOS
/*
* Esta Tabla nos ayuda a normalizar la duplicidad
*
*/

CREATE TABLE `users` (
  `user_id` int NOT NULL AUTO_INCREMENT,
  `created_at` datetime DEFAULT NULL,
  `updated_at` datetime DEFAULT NULL,
  `usermeta_id` int DEFAULT NULL,
  `office_id` int DEFAULT NULL,
  `rol_id` int NOT NULL,
  `employee_id` int NULL,
  `boss_id` int NULL,
  `loan_limit` decimal(15,0) DEFAULT NULL,
  PRIMARY KEY (`user_id`),
  KEY `fk_user_user_meta1_idx` (`usermeta_id`),
  KEY `fk_user_office1_idx` (`office_id`),
  KEY `fk_user_rol1_idx` (`rol_id`),
  KEY `fk_user_boss_idx` (`boss_id`),
  KEY `fk_user_user1_idx` (`employee_id`)
)ENGINE=InnoDB;

-- Constraints para la tabla `address`
ALTER TABLE `address`
ADD CONSTRAINT `fk_adreess_user1` FOREIGN KEY (`user_id`) REFERENCES `users` (`user_id`),
ADD CONSTRAINT `fk_adreess_office1` FOREIGN KEY (`office_id`) REFERENCES `office` (`office_id`),
ADD CONSTRAINT `fk_adreess_city1` FOREIGN KEY (`city_id`) REFERENCES `city` (`city_id`),
ADD CONSTRAINT `fk_address_type_id_type1` FOREIGN KEY (`address_type_id`) REFERENCES `address_type` (`address_type_id`);


-- Constraints para la tabla `order`
ALTER TABLE `order`
ADD CONSTRAINT `fk_order_user1` FOREIGN KEY (`user_id`) REFERENCES `users` (`user_id`),
ADD CONSTRAINT `fk_order_status1` FOREIGN KEY (`status_id`) REFERENCES `order_status` (`order_status_id`),
ADD CONSTRAINT `fk_order_order_type1` FOREIGN KEY (`order_type_id`) REFERENCES `order_type` (`order_type_id`);

-- Constraints para la tabla `order_detail`
ALTER TABLE `order_detail`
ADD CONSTRAINT `fk_detail_order_order1` FOREIGN KEY (`order_id`) REFERENCES `order` (`order_id`),
ADD CONSTRAINT `fk_detail_order_product1` FOREIGN KEY (`product_id`) REFERENCES `product` (`product_id`);

-- Constraints para la tabla `pay`
ALTER TABLE `pay`
ADD CONSTRAINT `fk_pay_user1` FOREIGN KEY (`user_id`) REFERENCES `users` (`user_id`),
ADD CONSTRAINT `fk_pay_pay_method1` FOREIGN KEY (`pay_method_id`) REFERENCES `pay_method` (`pay_method_id`);

-- Constraints para la tabla `phone_number`
ALTER TABLE `phone_number`
ADD CONSTRAINT `fk_phone_number_office1` FOREIGN KEY (`office_id`) REFERENCES `office` (`office_id`),
ADD CONSTRAINT `fk_phone_number_user1` FOREIGN KEY (`user_id`) REFERENCES `users` (`user_id`);
/*
ADD CONSTRAINT `phone_number_country_FK` FOREIGN KEY (`phone_prefix`) REFERENCES `country` (`country_prefix`)
*/
-- Constraints para la tabla `user`
ALTER TABLE `users`
ADD CONSTRAINT `fk_user_user_meta1` FOREIGN KEY (`usermeta_id`) REFERENCES `user_meta` (`usermeta_id`),
ADD CONSTRAINT `fk_user_office1` FOREIGN KEY (`office_id`) REFERENCES `office` (`office_id`),
ADD CONSTRAINT `fk_user_rol1` FOREIGN KEY (`rol_id`) REFERENCES `rol` (`rol_id`),
ADD CONSTRAINT `fk_user_user1` FOREIGN KEY (`employee_id`) REFERENCES `users` (`user_id`);

-- Constraints para la tabla `product`
ALTER TABLE `product` 
ADD CONSTRAINT product_gama_product_FK FOREIGN KEY (gama_product_id) REFERENCES gama_product(gama_product_id),
ADD CONSTRAINT product_measurement_FK FOREIGN KEY (measurement_id) REFERENCES measurement(measurement_id);

-- Constraints para la tabla `user_meta`
ALTER TABLE `user_meta` ADD CONSTRAINT user_meta_legal_type_FK FOREIGN KEY (legal_type_id) REFERENCES legal_type(legal_type_id);

-- Constraints para la tabla `city`
ALTER TABLE `city` ADD CONSTRAINT city_region_FK FOREIGN KEY (region_id) REFERENCES region(region_id);

-- Constraints para la tabla `region`
ALTER TABLE `region` ADD CONSTRAINT region_country_FK FOREIGN KEY (country_id) REFERENCES country(country_id);
```



## INSERTAR DATOS DE PRUEBA

Datos Extra√≠dos de [DATOS GARDEN DATA BASE](https://gist.github.com/josejuansanchez/c408725e848afd64dd9a20ab37fba8c9);

Datos Formateados [DATOS FORMATEADOS](https://github.com/David-Albarracin/TALLER_DB3/blob/main/data_format.txt)

#### FUNCI√ìN PARA GUARDAR CIUDADES

```sql
USE garden;

DROP FUNCTION IF EXISTS def_get_city_id;

DELIMITER $$

CREATE FUNCTION def_get_city_id(
	city_name VARCHAR(50),
	country_name VARCHAR(50),
	region_name VARCHAR(50),
	postal_code VARCHAR(50)
)
RETURNS INT
	DETERMINISTIC
BEGIN
	DECLARE get_city_id INT;
	DECLARE get_region_id INT;
	DECLARE get_country_id INT;
	
	SELECT city_id INTO get_city_id FROM city AS c WHERE c.city_name = city_name;

	IF get_city_id IS NULL THEN

        SELECT country_id INTO get_country_id FROM country AS co WHERE co.country_name = country_name;
       
        IF get_country_id IS NULL THEN
            INSERT INTO country (country_prefix, country_name, flag_url) VALUES (NULL, country_name, NULL);
            SET get_country_id = LAST_INSERT_ID();
        END IF;

        -- Insertar la regi√≥n si no existe
        SELECT region_id INTO get_region_id FROM region WHERE region.region_name = region_name;
       
        IF get_region_id IS NULL THEN
            INSERT INTO region (region_name, country_id) VALUES (region_name, get_country_id);
            SET get_region_id = LAST_INSERT_ID();
        END IF;

        -- Insertar la ciudad
        INSERT INTO city (city_name, postal_code, region_id) VALUES (city_name, postal_code, get_region_id);
        SET get_city_id = LAST_INSERT_ID();
    END IF;
   	RETURN get_city_id;
   
END $$

DELIMITER ;
```



#### PROCEDIMIENTO PARA AGREGAR PRODUCTOS 

```sql
USE garden;

DROP PROCEDURE IF EXISTS add_producto;

DELIMITER $$

CREATE PROCEDURE add_producto(
    IN codigo_producto VARCHAR(15),
    IN nombre VARCHAR(70),
    IN gama VARCHAR(50),
    IN dimensiones VARCHAR(25),
    IN proveedor VARCHAR(50),
    IN descripcion TEXT,
    IN cantidad_en_stock SMALLINT,
    IN precio_venta DECIMAL(15,2),
    IN precio_proveedor DECIMAL(15,2)
)
BEGIN
    DECLARE get_gama_product_id VARCHAR(50);
	DECLARE get_measurement_id INT;
    -- Verificar si la gama existe en la tabla gama_product
    SELECT gama_product_id INTO get_gama_product_id FROM gama_product WHERE gama_product_id = gama;

    -- Verificar si la gama existe
    IF get_gama_product_id IS NULL THEN
        INSERT INTO gama_product(
        	gama_product_id,
        	description_text,
        	description_html,
        	imagen_url
        ) VALUES (
        	gama,
        	NULL,
        	NULL,
        	NULL
        );
    END IF;

    -- Obtener el measurement_id correspondiente para las dimensiones proporcionadas
    INSERT INTO measurement(
   		height,
   		width,
   		`Length`,
   		weight
    )VALUES(
   		ROUND(RAND() * 100, 2),
   		ROUND(RAND() * 100, 2),
   		ROUND(RAND() * 100, 2),
   		ROUND(RAND() * 100, 2)
    );
	SET get_measurement_id = LAST_INSERT_ID();
    -- Realizar la inserci√≥n del producto
    INSERT INTO product(
        product_id,
        product_name,
        description,
        stock_amount,
        price,
        price_provider,
        measurement_id,
        gama_product_id 
    ) VALUES (
        codigo_producto,
        nombre,
        descripcion,
        cantidad_en_stock,
        precio_venta,
        precio_proveedor,
        get_measurement_id,
        get_gama_product_id
    );

END $$

DELIMITER ;

```

#### PROCEDIMIENTO PARA AGREGAR OFICINAS

```sql
USE garden;

DROP PROCEDURE IF EXISTS add_oficina;

DELIMITER $$

CREATE PROCEDURE add_oficina(
	IN codigo_oficina VARCHAR(10),
    IN ciudad VARCHAR(30),
    IN pais VARCHAR(50),
    IN region_nombre VARCHAR(50),
    IN codigo_postal VARCHAR(10),
    IN telefono VARCHAR(20),
    IN linea_direccion1 VARCHAR(50),
    IN linea_direccion2 VARCHAR(50)
)
BEGIN
	DECLARE get_city_id INT;
	DECLARE get_office_id INT;
	DECLARE get_address_type_id INT;
	
	SET get_city_id = (SELECT def_get_city_id(ciudad, pais, region_nombre, codigo_postal));
	
    INSERT INTO office(
   		office_name
   	) VALUES (
   		codigo_oficina
   	);
   
   
   	SET get_office_id = LAST_INSERT_ID();
   
   	INSERT INTO phone_number(
   		phone_number,
   		phone_prefix,
   		description,
   		user_id,
   		office_id,
   		phone_extension
   	) VALUES (
   		telefono,
   		NULL,
   		NULL,
   		NULL,
   		get_office_id,
   		NULL
   	);
   
   	SELECT address_type_id INTO get_address_type_id FROM address_type AS ast WHERE ast.address_type  = 'Oficina'; 
	IF get_address_type_id IS NULL THEN
		INSERT INTO address_type(
			address_type
		) VALUES (
			'Oficina'
		);
		SET get_address_type_id = LAST_INSERT_ID(); 
	END IF;
   	
   	INSERT INTO address(
   		address_line_1,
   		address_line_2,
   		user_id,
   		city_id,
   		office_id,
   		address_type_id
   	) VALUES (
   		linea_direccion1,
   		linea_direccion1,
   		NULL,
   		get_city_id,
   		get_office_id,
   		get_address_type_id
   	);

END $$

DELIMITER ;
```

#### PROCEDIMIENTO PARA AGREGAR EMPLEADOS

```sql
USE garden;

DROP PROCEDURE IF EXISTS add_empleado;

DELIMITER $$

CREATE PROCEDURE add_empleado(
	IN codigo_empleado INT,
  	IN nombre VARCHAR(50),
  	IN apellido1 VARCHAR(50),
  	IN apellido2 VARCHAR(50),
  	IN extension VARCHAR(10) ,
  	IN email VARCHAR(100),
  	IN codigo_oficina VARCHAR(10),
  	IN codigo_jefe INT,
  	IN puesto VARCHAR(50)
)
BEGIN
	DECLARE get_user_id INT;
	DECLARE get_usermeta_id INT;
	DECLARE get_office_id INT;
	DECLARE get_rol_id INT;
	
   
	SELECT office_id INTO get_office_id FROM office AS o WHERE o.office_name = codigo_oficina;
	SELECT rol_id INTO get_rol_id FROM rol AS r WHERE r.rol_name = puesto;

	IF get_rol_id IS NULL THEN
		INSERT INTO rol(
			rol_name
		) VALUES (
			puesto
		);
		SET get_rol_id = LAST_INSERT_ID(); 
	END IF;


	INSERT INTO user_meta(
		first_name,
		last_names,
		first_surname,
		last_surname,
		email,
		legal_id,
		legal_type_id
	) VALUES (
		nombre,
		NULL,
		apellido1,
		apellido2,
		email,
		ROUND(RAND() * 1, 2),
		1
	);

	SET get_usermeta_id = LAST_INSERT_ID(); 
	   	
	INSERT INTO users(
		created_at,
		updated_at,
		usermeta_id,
		office_id,
		rol_id,
		employee_id,
		boss_id,
		loan_limit
	) VALUES (
		NOW(),
		NOW(),
		get_usermeta_id,
		get_office_id,
		get_rol_id,
		NULL,
		codigo_jefe,
		NULL
	);

	SET get_user_id = LAST_INSERT_ID(); 

   	INSERT INTO phone_number(
   		phone_number,
   		phone_prefix,
   		description,
   		user_id,
   		office_id,
   		phone_extension
   	) VALUES (
   		extension,
   		NULL,
   		NULL,
   		get_user_id,
   		get_office_id,
   		extension
   	);


END $$

DELIMITER ;
```

#### PROCEDIMIENTO PARA AGREGAR CLIENTES

```sql
USE garden;

DROP PROCEDURE IF EXISTS add_cliente;

DELIMITER $$

CREATE PROCEDURE add_cliente(
	IN codigo_cliente INT,
  	IN nombre_cliente VARCHAR(50),
  	IN nombre_contacto VARCHAR(30),
  	IN apellido_contacto VARCHAR(30),
  	IN telefono VARCHAR(15),
  	IN fax VARCHAR(15),
  	IN linea_direccion1 VARCHAR(50),
  	IN linea_direccion2 VARCHAR(50),
  	IN ciudad VARCHAR(50),
  	IN region VARCHAR(50),
  	IN pais VARCHAR(50),
  	IN codigo_postal VARCHAR(10),
  	IN codigo_empleado_rep_ventas INT ,
  	IN limite_credito DECIMAL(15,2),
)
BEGIN
	DECLARE get_user_id INT;
	DECLARE get_usermeta_id INT;
	DECLARE get_office_id INT;
	DECLARE get_rol_id INT;
	
   
	SELECT office_id INTO get_office_id FROM office AS o WHERE o.office_name = codigo_oficina;
	SELECT rol_id INTO get_rol_id FROM rol AS r WHERE r.rol_name = puesto;

	IF get_rol_id IS NULL THEN
		INSERT INTO rol(
			rol_name
		) VALUES (
			puesto
		);
		SET get_rol_id = LAST_INSERT_ID(); 
	END IF;


	INSERT INTO user_meta(
		first_name,
		last_names,
		first_surname,
		last_surname,
		email,
		legal_id,
		legal_type_id
	) VALUES (
		nombre,
		NULL,
		apellido1,
		apellido2,
		email,
		ROUND(RAND() * 1, 2),
		1
	);

	SET get_usermeta_id = LAST_INSERT_ID(); 
	   	
	INSERT INTO users(
		created_at,
		updated_at,
		usermeta_id,
		office_id,
		rol_id,
		employee_id,
		boss_id,
		loan_limit
	) VALUES (
		NOW(),
		NOW(),
		get_usermeta_id,
		get_office_id,
		get_rol_id,
		NULL,
		codigo_jefe,
		NULL
	);

	SET get_user_id = LAST_INSERT_ID(); 

   	INSERT INTO phone_number(
   		phone_number,
   		phone_prefix,
   		description,
   		user_id,
   		office_id,
   		phone_extension
   	) VALUES (
   		extension,
   		NULL,
   		NULL,
   		get_user_id,
   		get_office_id,
   		extension
   	);


END $$

DELIMITER ;
```





## Consultas sobre una tabla

1. Devuelve un listado con el c√≥digo de oficina y la ciudad donde hay oficinas.

   ```sql
   SELECT 
   	o.office_id,
   	c.city_name
   FROM
   	office AS o
   INNER JOIN
   	address AS a ON a.office_id = o.office_id
   INNER JOIN
   	city AS c ON c.city_id = a.city_id
   where
   	a.user_id IS null;
   	
   +-----------+-----------+
   | office_id | city_name |
   +-----------+-----------+
   |         2 | Barcelona |
   +-----------+-----------+
   1 row in set (0.00 sec)
   ```

2. Devuelve un listado con la ciudad y el tel√©fono de las oficinas de Espa√±a.

   ```sql
   SELECT 
   	o.office_name,
   	c.city_name,
   	p.phone_number
   FROM
   	office AS o
   INNER JOIN
   	address AS a ON o.office_id = a.office_id
   INNER JOIN
   	city AS c ON a.city_id = c.city_id
   INNER JOIN
   	region AS r ON r.region_id  = c.region_id 
   INNER JOIN
   	country AS co ON r.country_id = co.country_id
   INNER JOIN
   	phone_number AS p ON a.office_id = p.office_id
   WHERE
   	co.country_name = 'Spain';
   	
   +-------------------+-----------+--------------+
   | office_name       | city_name | phone_number |
   +-------------------+-----------+--------------+
   | Oficina de Ventas | Barcelona | 987654321    |
   +-------------------+-----------+--------------+
   1 row in set (0.00 sec)
   
   ```

3. Devuelve un listado con el nombre, apellidos y email de los empleados cuyo
   jefe tiene un c√≥digo de jefe igual a 7.

   ```sql
   SELECT 
   	um.first_name
   FROM
   	users AS u
   INNER JOIN
   	user_meta AS um ON um.usermeta_id = u.usermeta_id 
   WHERE 
   	u.boss_id = 7;
   
   +------------+
   | first_name |
   +------------+
   | Juan       |
   +------------+
   1 row in set (0.00 sec)
   ```
   
4. Devuelve el nombre del puesto, nombre, apellidos y email del jefe de la
   empresa.

   ```sql
   SELECT 
   	um.first_name,
   	um.first_surname,
   	um.email,
   	r.rol_name 
   FROM
   	users AS u
   INNER JOIN
   	user_meta AS um ON um.usermeta_id = u.usermeta_id 
   INNER JOIN
   	rol AS r ON r.rol_id = u.rol_id
   WHERE
   	r.rol_name = 'Jefe';
   	
   +------------+---------------+------------------+----------+
   | first_name | first_surname | email            | rol_name |
   +------------+---------------+------------------+----------+
   | Pepe       | L√≥pez         | pepe@example.com | Jefe     |
   +------------+---------------+------------------+----------+
   1 row in set (0.00 sec)
   ```
   
5. Devuelve un listado con el nombre, apellidos y puesto de aquellos
   empleados que no sean representantes de ventas.

   ```sql
   SELECT 
   	um.first_name,
   	um.first_surname,
   	um.email,
   	r.rol_name 
   FROM
   	users AS u
   INNER JOIN
   	user_meta AS um ON um.usermeta_id = u.usermeta_id 
   INNER JOIN
   	rol AS r ON r.rol_id = u.rol_id
   WHERE
   	r.rol_name = 'Empleado'
   	AND u.employee_id NOT IN (SELECT employee_id FROM users WHERE employee_id IS NOT NULL);
   	
   +------------+---------------+------------------+----------+
   | first_name | first_surname | email            | rol_name |
   +------------+---------------+------------------+----------+
   | Juan       | Garc√≠a        | juan@example.com | Empleado |
   +------------+---------------+------------------+----------+
   1 row in set (0.00 sec)
   ```
   
6. Devuelve un listado con el nombre de los todos los clientes espa√±oles.

   ```sql
   SELECT 
       um.first_name,
       um.last_names
   FROM 
       users AS u
   JOIN 
       user_meta AS um ON u.usermeta_id = um.usermeta_id
   JOIN 
       address AS a ON u.user_id = a.user_id
   JOIN 
       city AS c ON a.city_id = c.city_id
   JOIN 
       region AS r ON c.region_id = r.region_id
   JOIN 
       country AS co ON r.country_id = co.country_id
   WHERE 
       u.rol_id = 2
       AND co.country_name = 'Spain';
       
   +------------+--------------+
   | first_name | last_names   |
   +------------+--------------+
   | Mar√≠a      | L√≥pez Garc√≠a |
   | David      | Jose         |
   +------------+--------------+
   2 rows in set (0.00 sec)
   
   ```

7. Devuelve un listado con los distintos estados por los que puede pasar un
   pedido.

   ```sql
   SELECT
   	os.order_status_name
   FROM
   	order_status AS os;
   	
   +-------------------+
   | order_status_name |
   +-------------------+
   | Pendiente         |
   | En proceso        |
   | Entregado         |
   +-------------------+
   3 rows in set (0.00 sec)
   ```
   
8. Devuelve un listado con el c√≥digo de cliente de aquellos clientes que
   realizaron alg√∫n pago en 2008. Tenga en cuenta que deber√° eliminar
   aquellos c√≥digos de cliente que aparezcan repetidos. Resuelva la consulta:

   ‚Äã	‚Ä¢ Utilizando la funci√≥n YEAR de MySQL.
   ‚Äã	‚Ä¢ Utilizando la funci√≥n DATE_FORMAT de MySQL.
   ‚Äã	‚Ä¢ Sin utilizar ninguna de las funciones anteriores.

   ```sql
   SELECT DISTINCT p.user_id
   FROM pay as p
   WHERE YEAR(p.pay_date) = 2008;
   
   SELECT DISTINCT p.user_id
   FROM pay as p
   WHERE DATE_FORMAT(p.pay_date, '%Y') = 2008;
   
   SELECT DISTINCT p.user_id
   FROM pay as p
   WHERE p.pay_date BETWEEN '2008-01-01' AND '2008-12-31';
   
   +---------+
   | user_id |
   +---------+
   |       1 |
   |       2 |
   +---------+
   2 rows in set (0.00 sec)
   ```
   
9. Devuelve un listado con el c√≥digo de pedido, c√≥digo de cliente, fecha
   esperada y fecha de entrega de los pedidos que no han sido entregados a
   tiempo.

   ```sql
   SELECT
    o.order_id, 
    o.user_id, 
    o.order_date
   FROM
   	`order` AS o
   WHERE 
   	deliver_date > waiting_date;
   	
   +----------+---------+------------+
   | order_id | user_id | order_date |
   +----------+---------+------------+
   |       13 |       7 | 2009-01-06 |
   +----------+---------+------------+
   1 row in set (0.00 sec)
   ```
   
10. Devuelve un listado con el c√≥digo de pedido, c√≥digo de cliente, fecha
    esperada y fecha de entrega de los pedidos cuya fecha de entrega ha sido al
    menos dos d√≠as antes de la fecha esperada.

    ‚Äã	‚Ä¢ Utilizando la funci√≥n ADDDATE de MySQL.
    ‚Äã	‚Ä¢ Utilizando la funci√≥n DATEDIFF de MySQL.
    ‚Äã	‚Ä¢ ¬øSer√≠a posible resolver esta consulta utilizando el operador de suma + o resta -?

    ```sql
    SELECT o.order_id, o.user_id, o.waiting_date, o.deliver_date
    FROM `order` AS o
    WHERE o.deliver_date <= ADDDATE(o.waiting_date, -2);
    
    SELECT o.order_id, o.user_id, o.waiting_date, o.deliver_date
    FROM `order` AS o
    WHERE DATEDIFF(o.waiting_date, o.deliver_date) >= 2;
    
    +----------+---------+--------------+--------------+
    | order_id | user_id | waiting_date | deliver_date |
    +----------+---------+--------------+--------------+
    |        2 |       1 | 2008-12-15   | 2008-12-11   |
    |       12 |       7 | 2009-01-18   | 2009-01-13   |
    +----------+---------+--------------+--------------+
    2 rows in set (0.00 sec)
    
    ```
    
11. Devuelve un listado de todos los pedidos que fueron rechazados en 2009.

    ```sql
    SELECT 
    	o.order_id,
        o.user_id,
        o.status_id,
        o.order_type_id
    FROM 
    	`order` AS o
    WHERE 
    	YEAR(p.pay_date) = 2009
    AND
    	o.status_id = 4;
    ```

12. Devuelve un listado de todos los pedidos que han sido entregados en el
    mes de enero de cualquier a√±o.

    ```sql
    SELECT 
    	o.deliver_date,
    	o.order_id,
        o.user_id,
        o.status_id,
        o.order_type_id
    FROM 
    	`order` AS o
    WHERE 
    	MONTH(o.deliver_date) = 1;
    	
    +--------------+----------+---------+-----------+---------------+
    | deliver_date | order_id | user_id | status_id | order_type_id |
    +--------------+----------+---------+-----------+---------------+
    | 2009-01-20   |        3 |       3 |         3 |             1 |
    | 2007-01-12   |        6 |       2 |         1 |             1 |
    | 2007-01-12   |        7 |       2 |         1 |             1 |
    | 2007-01-12   |        8 |       2 |         1 |             1 |
    | 2007-01-12   |        9 |       2 |         1 |             1 |
    | 2007-01-12   |       10 |       3 |         1 |             1 |
    | 2006-01-22   |       11 |       3 |         2 |             1 |
    | 2009-01-13   |       12 |       7 |         2 |             1 |
    | 2009-01-22   |       13 |       7 |         2 |             1 |
    +--------------+----------+---------+-----------+---------------+
    9 rows in set (0.00 sec)
    ```
    
13. Devuelve un listado con todos los pagos que se realizaron en el
    a√±o 2008 mediante Paypal. Ordene el resultado de mayor a menor.

    ```sql
    SELECT 
    	p.id_transaction,
    	p.total,
    	p.user_id
    FROM pay AS p
    JOIN
    	pay_method AS pm ON pm.pay_method_id = p.pay_method_id
    WHERE 
    	YEAR(pay_date) = 2008 
    AND 
    	pm.method = 'PayPal';
    
    +----------------+-------+---------+
    | id_transaction | total | user_id |
    +----------------+-------+---------+
    | TXN002         |    10 |       1 |
    | TXN003         |    10 |       2 |
    +----------------+-------+---------+
    2 rows in set (0.00 sec)
    ```
    
14. Devuelve un listado con todas las formas de pago que aparecen en la
    tabla pago. Tenga en cuenta que no deben aparecer formas de pago
    repetidas.

    ```sql
    SELECT DISTINCT p.method
    FROM `pay_method` AS p;
    
    +------------------------+
    | method                 |
    +------------------------+
    | Efectivo               |
    | Tarjeta de cr√©dito     |
    | Transferencia bancaria |
    | PayPal                 |
    +------------------------+
    4 rows in set (0.00 sec)
    ```
    
15. Devuelve un listado con todos los productos que pertenecen a la
    gama Ornamentales y que tienen m√°s de 100 unidades en stock. El listado
    deber√° estar ordenado por su precio de venta, mostrando en primer lugar
    los de mayor precio.

    ```sql
    SELECT 
    	p.product_name
    FROM 
    	product AS p
    WHERE 
    	p.gama_product_id = 'Ornamentales' AND p.stock_amount > 100
    ORDER BY price DESC;
    
    +--------------+
    | product_name |
    +--------------+
    | Cactus       |
    +--------------+
    1 row in set (0.00 sec)
    ```
    
16. Devuelve un listado con todos los clientes que sean de la ciudad de Madrid y
    cuyo representante de ventas tenga el c√≥digo de empleado 11 o 30.

    ```sql
    SELECT
    	um.first_name,
    	a.address_line_1
    FROM
    	users AS u
    INNER JOIN
    	user_meta AS um ON um.usermeta_id = u.user_id
    INNER JOIN
    	address AS a ON a.user_id = u.user_id
    INNER JOIN 
    	city AS c ON c.city_id = a.city_id
    WHERE
    	c.city_name = 'Madrid'
    AND
    	u.employee_id IN (11, 30);
    
    +------------+---------------------+
    | first_name | address_line_1      |
    +------------+---------------------+
    | Juan       | Calle Principal 123 |
    +------------+---------------------+
    1 row in set (0.00 sec)
    ```



## Consultas multitabla (Composici√≥n interna)

Resuelva todas las consultas utilizando la sintaxis de SQL1 y SQL2. Las consultas con
sintaxis de SQL2 se deben resolver con INNER JOIN y NATURAL JOIN.

1. Obt√©n un listado con el nombre de cada cliente y el nombre y apellido de su
   representante de ventas.

   ```sql
   SELECT
   	um.first_name AS 'Cliente',
   	um_sales.first_name AS 'Encargado'
   FROM 
       users AS u
   INNER JOIN 
       user_meta AS um ON u.user_id = um.usermeta_id
   INNER JOIN 
       users AS u_sales ON u.employee_id = u_sales.user_id
   JOIN 
       user_meta AS um_sales ON u_sales.user_id = um_sales.usermeta_id
   WHERE 
       u.rol_id = 2;
       
   +---------+-----------+
   | Cliente | Encargado |
   +---------+-----------+
   | David   | Juan      |
   +---------+-----------+
   1 row in set (0.00 sec)
   ```
   
2. Muestra el nombre de los clientes que hayan realizado pagos junto con el
   nombre de sus representantes de ventas.

   ```sql
   SELECT 
       CONCAT(um.first_name, ' ', um.last_names) AS Nombre_Cliente,
       CONCAT(um_r.first_name, ' ', um_r.last_names) AS Nombre_Representante
   FROM 
       users AS cliente
   JOIN
   	user_meta AS um ON um.usermeta_id = cliente.user_id
   JOIN
       pay ON cliente.user_id = pay.user_id
   JOIN 
       users AS representante ON cliente.boss_id = representante.user_id
   JOIN 
       user_meta AS um_r ON um_r.usermeta_id = representante.user_id;
       
   +-------------------+----------------------+
   | Nombre_Cliente    | Nombre_Representante |
   +-------------------+----------------------+
   | Juan Garc√≠a P√©rez | Pepe carlos          |
   | Juan Garc√≠a P√©rez | Pepe carlos          |
   +-------------------+----------------------+
   2 rows in set (0.00 sec)
   ```
   
3. Muestra el nombre de los clientes que no hayan realizado pagos junto con
   el nombre de sus representantes de ventas.

   ```sql
   SELECT 
       CONCAT(um.first_name, ' ', um.last_names) AS Nombre_Cliente,
       CONCAT(um_r.first_name, ' ', um_r.last_names) AS Nombre_Representante
   FROM 
       users AS cliente
   JOIN
       user_meta AS um ON um.usermeta_id = cliente.user_id
   LEFT JOIN
       pay ON cliente.user_id = pay.user_id
   JOIN 
       users AS representante ON cliente.boss_id = representante.user_id
   JOIN 
       user_meta AS um_r ON um_r.usermeta_id = representante.user_id
   WHERE
       pay.id_transaction IS NULL;
   
   ```
   
4. Devuelve el nombre de los clientes que han hecho pagos y el nombre de sus
   representantes junto con la ciudad de la oficina a la que pertenece el
   representante.

   ```sql
   SELECT 
       um.first_name AS cliente_nombre,
       um1.first_name AS representante_nombre,
       cty.city_name AS ciudad_oficina
   FROM 
       `users` AS c
   JOIN 
   	user_meta AS um ON um.usermeta_id = c.user_id
   JOIN 
       `pay` AS p ON c.user_id = p.user_id
   JOIN 
       `users` AS u1 ON c.boss_id = u1.user_id
   JOIN 
   	user_meta AS um1 ON um1.usermeta_id = u1.user_id
   JOIN 
       `office` AS o ON u1.office_id = o.office_id
   JOIN 
       `address` AS a ON a.office_id = o.office_id
   JOIN 
       `city` AS cty ON a.city_id = cty.city_id
   WHERE
       p.id_transaction IS NULL;
   ```
   
5. Devuelve el nombre de los clientes que no hayan hecho pagos y el nombre
   de sus representantes junto con la ciudad de la oficina a la que pertenece el
   representante.

   ```sql
   SELECT 
       um.first_name AS cliente_nombre,
       um1.first_name AS representante_nombre,
       cty.city_name AS ciudad_oficina
   FROM 
       `users` AS c
   JOIN 
   	user_meta AS um ON um.usermeta_id = c.user_id
   JOIN 
       `pay` AS p ON c.user_id = p.user_id
   JOIN 
       `users` AS u1 ON c.boss_id = u1.user_id
   JOIN 
   	user_meta AS um1 ON um1.usermeta_id = u1.user_id
   JOIN 
       `office` AS o ON u1.office_id = o.office_id
   JOIN 
       `address` AS a ON a.office_id = o.office_id
   JOIN 
       `city` AS cty ON a.city_id = cty.city_id;
   ```
   
6. Lista la direcci√≥n de las oficinas que tengan clientes en Fuenlabrada.

   ```sql
   SELECT 
       um.first_name AS cliente_nombre,
       um1.first_name AS representante_nombre,
       cty.city_name AS ciudad_oficina
   FROM 
       `users` AS c
   JOIN 
   	user_meta AS um ON um.usermeta_id = c.user_id
   JOIN 
       `pay` AS p ON c.user_id = p.user_id
   JOIN 
       `users` AS u1 ON c.boss_id = u1.user_id
   JOIN 
   	user_meta AS um1 ON um1.usermeta_id = u1.user_id
   JOIN 
       `office` AS o ON u1.office_id = o.office_id
   JOIN 
       `address` AS a ON a.office_id = o.office_id
   JOIN 
       `city` AS cty ON a.city_id = cty.city_id
   WHERE 
   	cty.city_name = 'Fuenlabrada';
   ```

7. Devuelve el nombre de los clientes y el nombre de sus representantes junto
   con la ciudad de la oficina a la que pertenece el representante.

   ```sql
   SELECT 
       um.first_name AS cliente_nombre,
       um1.first_name AS representante_nombre,
       cty.city_name AS ciudad_oficina
   FROM 
       `users` AS c
   JOIN 
   	user_meta AS um ON um.usermeta_id = c.user_id
   JOIN 
       `pay` AS p ON c.user_id = p.user_id
   JOIN 
       `users` AS u1 ON c.boss_id = u1.user_id
   JOIN 
   	user_meta AS um1 ON um1.usermeta_id = u1.user_id
   JOIN 
       `office` AS o ON u1.office_id = o.office_id
   JOIN 
       `address` AS a ON a.office_id = o.office_id
   JOIN 
       `city` AS cty ON a.city_id = cty.city_id;
   ```
   
8. Devuelve un listado con el nombre de los empleados junto con el nombre
   de sus jefes.

   ```sql
   SELECT 
       CONCAT(em.first_name, ' ', em.last_names) AS empleado_nombre,
       CONCAT(jm.first_name, ' ', jm.last_names) AS jefe_nombre,
       a.address_line_1 AS direccion_oficina
   FROM 
       `users` AS e
   LEFT JOIN 
       `users` AS j ON e.boss_id = j.user_id
   LEFT JOIN 
       `user_meta` AS em ON e.usermeta_id = em.usermeta_id
   LEFT JOIN 
       `user_meta` AS jm ON j.usermeta_id = jm.usermeta_id
   LEFT JOIN 
       `address` AS a ON e.office_id = a.office_id
   WHERE 
       e.rol_id = (SELECT rol_id FROM `rol` WHERE rol_name = 'empleado');
       
   +-------------------+-------------+------------------------+
   | empleado_nombre   | jefe_nombre | direccion_oficina      |
   +-------------------+-------------+------------------------+
   | Juan Garc√≠a P√©rez | Pepe carlos | Avenida Secundaria 456 |
   | Juan Garc√≠a P√©rez | Pepe carlos | Avenida Secundaria 456 |
   | Juan Garc√≠a P√©rez | Pepe carlos | Avenida Secundaria 456 |
   | Juan Garc√≠a P√©rez | NULL        | Avenida Secundaria 456 |
   | Juan Garc√≠a P√©rez | NULL        | Avenida Secundaria 456 |
   | Juan Garc√≠a P√©rez | NULL        | Avenida Secundaria 456 |
   | Juan Garc√≠a P√©rez | Pepe carlos | Avenida Secundaria 456 |
   | Juan Garc√≠a P√©rez | Pepe carlos | Avenida Secundaria 456 |
   | Juan Garc√≠a P√©rez | Pepe carlos | Avenida Secundaria 456 |
   | Juan Garc√≠a P√©rez | NULL        | Avenida Secundaria 456 |
   | Juan Garc√≠a P√©rez | NULL        | Avenida Secundaria 456 |
   | Juan Garc√≠a P√©rez | NULL        | Avenida Secundaria 456 |
   +-------------------+-------------+------------------------+
   
   ```
   
9. Devuelve un listado que muestre el nombre de cada empleados, el nombre
   de su jefe y el nombre del jefe de sus jefe.

   ```sql
   SELECT 
       CONCAT(em.first_name, ' ', em.last_names) AS empleado_nombre,
       CONCAT(jm.first_name, ' ', jm.last_names) AS jefe_nombre,
       a.address_line_1 AS direccion_oficina
   FROM 
       `users` AS e
   LEFT JOIN 
       `users` AS j ON e.boss_id = j.user_id
   LEFT JOIN 
       `user_meta` AS em ON e.usermeta_id = em.usermeta_id
   LEFT JOIN 
       `user_meta` AS jm ON j.usermeta_id = jm.usermeta_id
   LEFT JOIN 
       `address` AS a ON e.office_id = a.office_id
   WHERE 
       e.rol_id = (SELECT rol_id FROM `rol` WHERE rol_name = 'empleado');
   ```
   
10. Devuelve el nombre de los clientes a los que no se les ha entregado a
    tiempo un pedido.

    ```sql
    SELECT 
        CONCAT(um.first_name, ' ', um.last_names) AS cliente_nombre
    FROM 
        `order` AS o
    JOIN 
        `users` AS u ON o.user_id = u.user_id
    JOIN 
        `user_meta` AS um ON u.usermeta_id = um.usermeta_id
    WHERE 
        o.deliver_date > o.waiting_date AND o.deliver_date IS NOT NULL;
        
    +----------------+
    | cliente_nombre |
    +----------------+
    | Pepe carlos    |
    +----------------+
    1 row in set (0.00 sec)
    
    ```
    
11. Devuelve un listado de las diferentes gamas de producto que ha comprado
    cada cliente.

    ```sql
    SELECT 
        CONCAT(um.first_name, ' ', um.last_names) AS cliente_nombre,
        GROUP_CONCAT(DISTINCT gp.description_text ORDER BY gp.description_text ASC SEPARATOR ', ') AS gamas_compradas
    FROM 
        `order` AS o
    JOIN 
        `order_detail` AS od ON o.order_id = od.order_id
    JOIN 
        `product` AS p ON od.product_id = p.product_id
    JOIN 
        `gama_product` AS gp ON p.gama_product_id = gp.gama_product_id
    JOIN 
        `users` AS u ON o.user_id = u.user_id
    JOIN 
        `user_meta` AS um ON u.usermeta_id = um.usermeta_id
    GROUP BY 
        um.first_name, um.last_names;
    
    ```



## Consultas multitabla (Composici√≥n externa)

Resuelva todas las consultas utilizando las cl√°usulas LEFT JOIN, RIGHT JOIN, NATURAL
LEFT JOIN y NATURAL RIGHT JOIN.

1. Devuelve un listado que muestre solamente los clientes que no han
   realizado ning√∫n pago.

   ```sql
   SELECT um.first_name, um.last_names
   FROM user_meta AS um
   LEFT JOIN pay AS p ON um.usermeta_id = p.user_id
   WHERE p.user_id IS NULL;
   
   +------------+------------+
   | first_name | last_names |
   +------------+------------+
   | David      | Jose       |
   | Pepe       | carlos     |
   +------------+------------+
   2 rows in set (0.00 sec)
   ```
   
2. Devuelve un listado que muestre solamente los clientes que no han
   realizado ning√∫n pedido.

   ```sql
   SELECT um.first_name, um.last_names
   FROM user_meta AS um
   LEFT JOIN `order` AS o ON um.usermeta_id = o.user_id
   WHERE o.order_id IS NULL;
   
   ```
   
3. Devuelve un listado que muestre los clientes que no han realizado ning√∫n
   pago y los que no han realizado ning√∫n pedido.

   ```sql
   SELECT um.first_name, um.last_names
   FROM user_meta AS um
   LEFT JOIN pay AS p ON um.usermeta_id = p.user_id
   LEFT JOIN `order` AS o ON um.usermeta_id = o.user_id
   WHERE p.user_id IS NULL AND o.order_id IS NULL;
   
   ```
   
4. Devuelve un listado que muestre solamente los empleados que no tienen
   una oficina asociada.

   ```sql
   SELECT um.first_name, um.last_names
   FROM user_meta AS um
   LEFT JOIN `users` AS u ON um.usermeta_id = u.usermeta_id
   WHERE u.office_id IS NULL;
   
   ```
   
5. Devuelve un listado que muestre solamente los empleados que no tienen un
   cliente asociado.

   ```sql
   SELECT um.first_name, um.last_names
   FROM user_meta AS um
   LEFT JOIN `users` AS u ON um.usermeta_id = u.usermeta_id
   WHERE u.user_id NOT IN (SELECT DISTINCT user_id FROM `order`);
   
   +------------+--------------+
   | first_name | last_names   |
   +------------+--------------+
   | Juan       | Garc√≠a P√©rez |
   | Juan       | Garc√≠a P√©rez |
   | Juan       | Garc√≠a P√©rez |
   | Juan       | Garc√≠a P√©rez |
   +------------+--------------+
   4 rows in set (0.00 sec)
   ```
   
6. Devuelve un listado que muestre solamente los empleados que no tienen un
   cliente asociado junto con los datos de la oficina donde trabajan.

   ```sql
   SELECT um.first_name, um.last_names, o.office_name
   FROM user_meta AS um
   LEFT JOIN `users` AS u ON um.usermeta_id = u.usermeta_id
   LEFT JOIN `office` AS o ON u.office_id = o.office_id
   WHERE u.user_id NOT IN (SELECT DISTINCT user_id FROM `order`);
   
   +------------+--------------+-------------------+
   | first_name | last_names   | office_name       |
   +------------+--------------+-------------------+
   | Juan       | Garc√≠a P√©rez | Oficina de Ventas |
   | Juan       | Garc√≠a P√©rez | Oficina de Ventas |
   | Juan       | Garc√≠a P√©rez | Oficina de Ventas |
   | Juan       | Garc√≠a P√©rez | Oficina de Ventas |
   +------------+--------------+-------------------+
   4 rows in set (0.00 sec)
   ```
   
7. Devuelve un listado que muestre los empleados que no tienen una oficina
   asociada y los que no tienen un cliente asociado.

   ```sql
   SELECT 
       um.first_name, 
       um.last_names
   FROM 
       user_meta AS um
   LEFT JOIN 
       `users` AS u ON um.usermeta_id = u.usermeta_id
   WHERE 
       u.office_id IS NULL OR u.user_id NOT IN (SELECT DISTINCT user_id FROM `order`);
   
   
   ```
   
8. Devuelve un listado de los productos que nunca han aparecido en un
   pedido.

   ```sql
   SELECT 
       gp.description_text
   FROM 
       gama_product AS gp
   LEFT JOIN 
       product AS p ON gp.gama_product_id = p.gama_product_id
   LEFT JOIN 
       order_detail AS od ON p.product_id = od.product_id
   WHERE 
       od.order_id IS NULL;
   
   
   ```
   
9. Devuelve un listado de los productos que nunca han aparecido en un
   pedido. El resultado debe mostrar el nombre, la descripci√≥n y la imagen del
   producto.

   ```sql
   SELECT 
       gp.description_text, 
       p.product_name, 
       p.description, 
       p.imagen_url
   FROM 
       gama_product AS gp
   LEFT JOIN 
       product AS p ON gp.gama_product_id = p.gama_product_id
   LEFT JOIN 
       order_detail AS od ON p.product_id = od.product_id
   WHERE 
       od.order_id IS NULL;
   
   
   ```
   
10. Devuelve las oficinas donde no trabajan ninguno de los empleados que
    hayan sido los representantes de ventas de alg√∫n cliente que haya realizado
    la compra de alg√∫n producto de la gama Frutales.

    ```sql
    SELECT 
        o.office_name
    FROM 
        office AS o
    LEFT JOIN 
        `users` AS u ON o.office_id = u.office_id
    WHERE 
        u.user_id NOT IN (
            SELECT 
                DISTINCT boss_id 
            FROM 
                `users` 
            WHERE 
                user_id IN (
                    SELECT 
                        DISTINCT user_id 
                    FROM 
                        `order` 
                    WHERE 
                        user_id IN (
                            SELECT 
                                DISTINCT user_id 
                            FROM 
                                `users` 
                            WHERE 
                                rol_id = (
                                    SELECT 
                                        rol_id 
                                    FROM 
                                        `rol` 
                                    WHERE 
                                        rol_name = 'cliente'
                                )
                        )
                )
        );
    
    
    ```
    
11. Devuelve un listado con los clientes que han realizado alg√∫n pedido pero no
    han realizado ning√∫n pago.

    ```sql
    SELECT um.first_name, um.last_names
    FROM user_meta AS um
    LEFT JOIN `order` AS o ON um.usermeta_id = o.user_id
    LEFT JOIN pay AS p ON um.usermeta_id = p.user_id
    WHERE o.order_id IS NOT NULL AND p.user_id IS NULL;
    
    ```
    
12. Devuelve un listado con los datos de los empleados que no tienen clientes
    asociados y el nombre de su jefe asociado.

    ```sql
    SELECT um.first_name AS empleado_nombre, um.last_names AS empleado_apellido, um.role_name AS empleado_puesto, um.boss_id AS id_jefe, um2.first_name AS jefe_nombre, um2.last_names AS jefe_apellido
    FROM user_meta AS um
    LEFT JOIN users AS u ON um.usermeta_id = u.usermeta_id
    LEFT JOIN user_meta AS um2 ON um.boss_id = um2.usermeta_id
    WHERE u.user_id NOT IN (SELECT DISTINCT user_id FROM `order`);
    
    ```



## Consultas resumen

1. ¬øCu√°ntos empleados hay en la compa√±√≠a?

   ```sql
   SELECT COUNT(*) AS total_empleados
   FROM users;
   
   +-----------------+
   | total_empleados |
   +-----------------+
   |               8 |
   +-----------------+
   1 row in set (0.00 sec)
   ```

2. ¬øCu√°ntos clientes tiene cada pa√≠s?

   ```sql
   SELECT c.country_name, COUNT(*) AS total_clientes
   FROM users AS u
   LEFT JOIN address AS a ON u.user_id = a.user_id
   LEFT JOIN city AS cty ON a.city_id = cty.city_id
   LEFT JOIN region AS r ON cty.region_id = r.region_id
   LEFT JOIN country AS c ON r.country_id = c.country_id
   GROUP BY c.country_name;
   
   +--------------+----------------+
   | country_name | total_clientes |
   +--------------+----------------+
   | Spain        |              4 |
   | NULL         |              4 |
   +--------------+----------------+
   2 rows in set (0.00 sec)
   ```

3. ¬øCu√°l fue el pago medio en 2009?

   ```sql
   SELECT AVG(total) AS pago_medio
   FROM (
       SELECT YEAR(pay_date) AS year, SUM(total) AS total
       FROM pay
       GROUP BY YEAR(pay_date)
   ) AS pagos
   WHERE year = 2009;
   
   +------------+
   | pago_medio |
   +------------+
   |    16.0000 |
   +------------+
   1 row in set (0.00 sec)
   ```

4. ¬øCu√°ntos pedidos hay en cada estado? Ordena el resultado de forma
   descendente por el n√∫mero de pedidos.

   ```sql
   SELECT os.order_status_name, COUNT(*) AS total_pedidos
   FROM `order` AS o
   LEFT JOIN order_status AS os ON o.status_id = os.order_status_id
   GROUP BY os.order_status_name
   ORDER BY total_pedidos DESC;
   
   +-------------------+---------------+
   | order_status_name | total_pedidos |
   +-------------------+---------------+
   | Pendiente         |             5 |
   | En proceso        |             3 |
   | Rechazado         |             3 |
   | Entregado         |             2 |
   +-------------------+---------------+
   4 rows in set (0.00 sec)
   ```
   
5. Calcula el precio de venta del producto m√°s caro y m√°s barato en una
   misma consulta.

   ```sql
   SELECT MAX(price) AS precio_mas_caro, MIN(price) AS precio_mas_barato
   FROM product;
   
   +-----------------+-------------------+
   | precio_mas_caro | precio_mas_barato |
   +-----------------+-------------------+
   |              30 |                 1 |
   +-----------------+-------------------+
   1 row in set (0.00 sec)
   
   ```
   
6. Calcula el n√∫mero de clientes que tiene la empresa.

   ```sql
   SELECT COUNT(*) AS total_clientes
   FROM users
   WHERE rol_id = (SELECT rol_id FROM rol WHERE rol_name = 'cliente');
   
   +----------------+
   | total_clientes |
   +----------------+
   |              3 |
   +----------------+
   1 row in set (0.00 sec)
   
   ```

7. ¬øCu√°ntos clientes existen con domicilio en la ciudad de Madrid?

   ```sql
   SELECT COUNT(*) AS clientes_en_madrid
   FROM users AS u
   LEFT JOIN address AS a ON u.user_id = a.user_id
   LEFT JOIN city AS c ON a.city_id = c.city_id
   WHERE c.city_name = 'Madrid';
   
   +--------------------+
   | clientes_en_madrid |
   +--------------------+
   |                  1 |
   +--------------------+
   1 row in set (0.00 sec)
   
   ```

8. ¬øCalcula cu√°ntos clientes tiene cada una de las ciudades que empiezan
   por M?

   ```sql
   SELECT c.city_name, COUNT(*) AS total_clientes
   FROM users AS u
   LEFT JOIN address AS a ON u.user_id = a.user_id
   LEFT JOIN city AS c ON a.city_id = c.city_id
   WHERE c.city_name LIKE 'M%'
   GROUP BY c.city_name;
   
   ```
   
9. Devuelve el nombre de los representantes de ventas y el n√∫mero de clientes
   al que atiende cada uno.

   ```sql
   SELECT um.first_name, um.last_names, COUNT(*) AS clientes_atendidos
   FROM users AS u
   LEFT JOIN user_meta AS um ON u.usermeta_id = um.usermeta_id
   WHERE u.rol_id = (SELECT rol_id FROM rol WHERE rol_name = 'empleado')
   GROUP BY um.first_name, um.last_names;
   ```
   
10. Calcula el n√∫mero de clientes que no tiene asignado representante de
    ventas.

    ```sql
    SELECT COUNT(*) AS clientes_sin_representante
    FROM users
    WHERE user_id NOT IN (SELECT DISTINCT boss_id FROM users);
    
    ```
    
11. Calcula la fecha del primer y √∫ltimo pago realizado por cada uno de los
    clientes. El listado deber√° mostrar el nombre y los apellidos de cada cliente.

    ```sql
    SELECT um.first_name, um.last_names, MIN(pay_date) AS primer_pago, MAX(pay_date) AS ultimo_pago
    FROM users AS u
    LEFT JOIN user_meta AS um ON u.usermeta_id = um.usermeta_id
    LEFT JOIN pay AS p ON u.user_id = p.user_id
    GROUP BY um.first_name, um.last_names;
    
    ```
    
12. Calcula el n√∫mero de productos diferentes que hay en cada uno de los
    pedidos.

    ```sql
    SELECT o.order_id, COUNT(DISTINCT od.product_id) AS productos_diferentes
    FROM `order` AS o
    LEFT JOIN order_detail AS od ON o.order_id = od.order_id
    GROUP BY o.order_id;
    
    ```
    
13. Calcula la suma de la cantidad total de todos los productos que aparecen en
    cada uno de los pedidos.

    ```sql
    SELECT o.order_id, SUM(od.amount) AS cantidad_total
    FROM `order` AS o
    LEFT JOIN order_detail AS od ON o.order_id = od.order_id
    GROUP BY o.order_id;
    
    ```
    
14. Devuelve un listado de los 20 productos m√°s vendidos y el n√∫mero total de
    unidades que se han vendido de cada uno. El listado deber√° estar ordenado
    por el n√∫mero total de unidades vendidas.

    ```sql
    SELECT p.product_name, SUM(od.amount) AS total_unidades_vendidas
    FROM product AS p
    LEFT JOIN order_detail AS od ON p.product_id = od.product_id
    GROUP BY p.product_name
    ORDER BY total_unidades_vendidas DESC
    LIMIT 20;
    
    ```
    
15. La facturaci√≥n que ha tenido la empresa en toda la historia, indicando la
    base imponible, el IVA y el total facturado. La base imponible se calcula
    sumando el coste del producto por el n√∫mero de unidades vendidas de la
    tabla detalle_pedido. El IVA es el 21 % de la base imponible, y el total la
    suma de los dos campos anteriores.

    ```sql
    SELECT 
        SUM(od.unit_price * od.amount) AS base_imponible,
        SUM(od.unit_price * od.amount) * 0.21 AS iva,
        SUM(od.unit_price * od.amount) + (SUM(od.unit_price * od.amount) * 0.21) AS total_facturado
    FROM order_detail AS od;
    
    ```
    
16. La misma informaci√≥n que en la pregunta anterior, pero agrupada por
    c√≥digo de producto.

    ```sql
    SELECT 
        p.product_id,
        SUM(od.unit_price * od.amount) AS base_imponible,
        SUM(od.unit_price * od.amount) * 0.21 AS iva,
        SUM(od.unit_price * od.amount) + (SUM(od.unit_price * od.amount) * 0.21) AS total_facturado
    FROM order_detail AS od
    LEFT JOIN product AS p ON od.product_id = p.product_id
    GROUP BY p.product_id;
    
    ```
    
17. La misma informaci√≥n que en la pregunta anterior, pero agrupada por
    c√≥digo de producto filtrada por los c√≥digos que empiecen por OR.

    ```sql
    SELECT 
        p.product_id,
        SUM(od.unit_price * od.amount) AS base_imponible,
        SUM(od.unit_price * od.amount) * 0.21 AS iva,
        SUM(od.unit_price * od.amount) + (SUM(od.unit_price * od.amount) * 0.21) AS total_facturado
    FROM order_detail AS od
    LEFT JOIN product AS p ON od.product_id = p.product_id
    WHERE p.product_id LIKE 'OR%'
    GROUP BY p.product_id;
    
    
    ```
    
18. Lista las ventas totales de los productos que hayan facturado m√°s de 3000
    euros. Se mostrar√° el nombre, unidades vendidas, total facturado y total
    facturado con impuestos (21% IVA).

    ```sql
    SELECT 
        p.product_name,
        SUM(od.amount) AS unidades_vendidas,
        SUM(od.unit_price * od.amount) AS total_facturado,
        (SUM(od.unit_price * od.amount) + (SUM(od.unit_price * od.amount) * 0.21)) AS total_con_iva
    FROM order_detail AS od
    LEFT JOIN product AS p ON od.product_id = p.product_id
    GROUP BY p.product_name
    HAVING total_facturado > 3000;
    
    ```
    
19. Muestre la suma total de todos los pagos que se realizaron para cada uno
    de los a√±os que aparecen en la tabla pagos.

    ```sql
    SELECT 
    	YEAR(pay_date) AS year, 
    	SUM(total) AS total_pagos
    FROM pay
    GROUP BY YEAR(pay_date);
    
    ```



## Consultas variadas

1. Devuelve el listado de clientes indicando el nombre del cliente y cu√°ntos
   pedidos ha realizado. Tenga en cuenta que pueden existir clientes que no
   han realizado ning√∫n pedido.

   ```sql
   SELECT 
       um.first_name, 
       um.last_names, 
       COUNT(o.order_id) AS pedidos_realizados
   FROM 
       user_meta AS um
   LEFT JOIN 
       `order` AS o ON um.usermeta_id = o.user_id
   GROUP BY 
       um.first_name, um.last_names;
   
   +------------+--------------+--------------------+
   | first_name | last_names   | pedidos_realizados |
   +------------+--------------+--------------------+
   | Juan       | Garc√≠a P√©rez |                  2 |
   | Mar√≠a      | L√≥pez Garc√≠a |                  4 |
   | David      | Jose         |                  5 |
   | Pepe       | carlos       |                  2 |
   +------------+--------------+--------------------+
   4 rows in set (0.00 sec)
   ```

2. Devuelve un listado con los nombres de los clientes y el total pagado por
   cada uno de ellos. Tenga en cuenta que pueden existir clientes que no han
   realizado ning√∫n pago.

   ```sql
   SELECT 
       um.first_name, 
       um.last_names, 
       COALESCE(SUM(p.total), 0) AS total_pagado
   FROM 
       user_meta AS um
   LEFT JOIN 
       pay AS p ON um.usermeta_id = p.user_id
   GROUP BY 
       um.first_name, um.last_names;
   
   +------------+--------------+--------------+
   | first_name | last_names   | total_pagado |
   +------------+--------------+--------------+
   | Juan       | Garc√≠a P√©rez |           20 |
   | Mar√≠a      | L√≥pez Garc√≠a |           26 |
   | David      | Jose         |            0 |
   | Pepe       | carlos       |            0 |
   +------------+--------------+--------------+
   4 rows in set (0.00 sec)
   ```

3. Devuelve el nombre de los clientes que hayan hecho pedidos en 2008
   ordenados alfab√©ticamente de menor a mayor.

   ```sql
   SELECT 
       um.first_name, 
       um.last_names
   FROM 
       user_meta AS um
   LEFT JOIN 
       `order` AS o ON um.usermeta_id = o.user_id
   WHERE 
       YEAR(o.order_date) = 2008
   ORDER BY 
       um.first_name, um.last_names;
   
   +------------+--------------+
   | first_name | last_names   |
   +------------+--------------+
   | Juan       | Garc√≠a P√©rez |
   | Juan       | Garc√≠a P√©rez |
   +------------+--------------+
   2 rows in set (0.00 sec)
   
   ```

4. Devuelve el nombre del cliente, el nombre y primer apellido de su
   representante de ventas y el n√∫mero de tel√©fono de la oficina del representante de ventas, de aquellos clientes que no hayan realizado ning√∫n
   pago.

   ```sql
   SELECT 
       um_c.first_name AS cliente_nombre,
       um_c.last_names AS cliente_apellido,
       um_e.first_name AS representante_nombre,
       um_e.last_names AS representante_apellido,
       pn.phone_number AS telefono_oficina
   FROM 
       user_meta AS um_c
   LEFT JOIN 
       `order` AS o ON um_c.usermeta_id = o.user_id
   LEFT JOIN 
       pay AS p ON um_c.usermeta_id = p.user_id
   LEFT JOIN 
       users AS u_c ON um_c.usermeta_id = u_c.usermeta_id
   LEFT JOIN 
       users AS u_e ON u_c.boss_id = u_e.user_id
   LEFT JOIN 
       user_meta AS um_e ON u_e.usermeta_id = um_e.usermeta_id
   LEFT JOIN 
       address AS a_e ON u_e.office_id = a_e.office_id
   LEFT JOIN 
        phone_number AS pn ON pn.office_id = a_o.office_id;
   
   
   
   ```

5. Devuelve el listado de clientes donde aparezca el nombre del cliente, el
   nombre y primer apellido de su representante de ventas y la ciudad donde
   est√° su oficina.

   ```sql
   SELECT distinct  
       um_c.first_name AS cliente_nombre,
       um_e.first_name AS representante_nombre,
       c.city_name AS ciudad_oficina
   FROM 
       `order` AS o
   LEFT JOIN 
       user_meta AS um_c ON o.user_id = um_c.usermeta_id
   LEFT JOIN 
       users AS u_c ON um_c.usermeta_id = u_c.usermeta_id
   LEFT JOIN 
       users AS u_e ON u_c.boss_id = u_e.user_id
   LEFT JOIN 
       user_meta AS um_e ON u_e.usermeta_id = um_e.usermeta_id
   LEFT JOIN 
       address AS a_e ON u_e.office_id = a_e.office_id
   LEFT JOIN 
       city AS c ON a_e.city_id = c.city_id;
   
   +----------------+----------------------+----------------+
   | cliente_nombre | representante_nombre | ciudad_oficina |
   +----------------+----------------------+----------------+
   | Juan           | Pepe                 | Barcelona      |
   | Juan           | NULL                 | NULL           |
   | Mar√≠a          | NULL                 | NULL           |
   | David          | NULL                 | NULL           |
   | Pepe           | NULL                 | NULL           |
   +----------------+----------------------+----------------+
   5 rows in set (0.00 sec)
   
   ```

6. Devuelve el nombre, apellidos, puesto y tel√©fono de la oficina de aquellos
   empleados que no sean representante de ventas de ning√∫n cliente.

   ```sql
   SELECT
       um_e.first_name AS empleado_nombre,
       um_e.last_names AS empleado_apellido,
       r.rol_name AS empleado_puesto,
       pn.phone_number AS telefono_oficina
   FROM
       users AS u_e
   LEFT JOIN
       user_meta AS um_e ON u_e.usermeta_id = um_e.usermeta_id
   LEFT JOIN
       address AS a_o ON u_e.office_id = a_o.office_id
   LEFT JOIN
       rol AS r ON u_e.rol_id = r.rol_id
   LEFT JOIN
       phone_number AS pn ON pn.office_id = a_o.office_id
   WHERE
       u_e.user_id NOT IN (SELECT DISTINCT boss_id FROM users);
   
   
   ```

7. Devuelve un listado indicando todas las ciudades donde hay oficinas y el
   n√∫mero de empleados que tiene.

   ````sql
   SELECT
   	c.city_name AS ciudad_oficina, 
   	COUNT(u.user_id) AS total_empleados
   FROM 
   	users AS u
   LEFT JOIN 
   	address AS a_o ON u.office_id = a_o.office_id
   LEFT JOIN 
   	city as c ON a_o.city_id = c.city_id
   GROUP BY 
   	c.city_name;
   
   +----------------+-----------------+
   | ciudad_oficina | total_empleados |
   +----------------+-----------------+
   | Barcelona      |              24 |
   +----------------+-----------------+
   1 row in set (0.00 sec)
   ````

   
